,Price,Close,High,Low,Open,Volume
0,Ticker,NVDA,NVDA,NVDA,NVDA,NVDA
1,Date,NVDA,NVDA,NVDA,NVDA,NVDA
2,2015-03-09 00:00:00,0.5469244122505188,0.548370037559302,0.5360822798782316,0.5435513248257493,359288000
3,2015-03-16 00:00:00,0.5654764175415039,0.5688495622130775,0.5459606493422048,0.5512612560173201,1723540000
4,2015-03-23 00:00:00,0.5151208639144897,0.5558390020610557,0.4929547632800078,0.5486109332598443,1929252000
5,2015-03-30 00:00:00,0.507411003112793,0.5199396812032019,0.4975326576606451,0.5175303244507076,1133500000
6,2015-04-06 00:00:00,0.5483700037002563,0.5486109220889824,0.4999419035077282,0.5052424527212022,1934420000
7,2015-04-13 00:00:00,0.5348777174949646,0.5502975892639779,0.5302999224197463,0.5471654197328913,1149480000
8,2015-04-20 00:00:00,0.5307818651199341,0.5406602114990685,0.5216262741351348,0.5372871232177643,1169840000
9,2015-04-27 00:00:00,0.5481292009353638,0.5498157448993771,0.5278905584800121,0.5324683534929601,1153908000
10,2015-05-04 00:00:00,0.501869261264801,0.5512611396405441,0.493677463313744,0.5476470773423886,2491248000
11,2015-05-11 00:00:00,0.5131933093070984,0.5175301268281047,0.4910272126709957,0.4948821360480795,1750344000
12,2015-05-18 00:00:00,0.502592146396637,0.5156027151076854,0.5013874970854467,0.5119886522869553,1227888000
13,2015-05-25 00:00:00,0.5356588363647461,0.5392895687699081,0.4978988500105744,0.502497831585934,1354888000
14,2015-06-01 00:00:00,0.5388058423995972,0.5470355615809964,0.522104312736531,0.5390478759903773,1484784000
15,2015-06-08 00:00:00,0.510969877243042,0.5407421393597887,0.5097595940653029,0.5371114052455279,1735940000
16,2015-06-15 00:00:00,0.5293654799461365,0.5354167195680017,0.5039501234897366,0.5083070137091017,1452044000
17,2015-06-22 00:00:00,0.5020139217376709,0.5332385569513515,0.4998355044465345,0.5303339236172019,1953424000
18,2015-06-29 00:00:00,0.4942682981491089,0.5058867153408823,0.4833759815360332,0.4962046817779137,1156296000
19,2015-07-06 00:00:00,0.4780508875846863,0.4969308595434279,0.4637698702067176,0.4901534588674967,1715816000
20,2015-07-13 00:00:00,0.4857964515686035,0.4887010844919351,0.4736939105705016,0.4828918475000059,1230640000
21,2015-07-20 00:00:00,0.4700632691383362,0.4877330181646642,0.464011997083323,0.4857965764813705,1053364000
22,2015-07-27 00:00:00,0.4828919470310211,0.489427343600823,0.462075560681834,0.4659483572866258,1031928000
23,2015-08-03 00:00:00,0.5562334060668945,0.565673348799149,0.480471397851183,0.4867647026242651,2952784000
24,2015-08-10 00:00:00,0.56978839635849,0.5797124661582289,0.5489719492611939,0.5523607081013743,1972896000
25,2015-08-17 00:00:00,0.5196835398674011,0.568819854128987,0.5191994152221336,0.568819854128987,1619808000
26,2015-08-24 00:00:00,0.5524970293045044,0.555899987809577,0.4861390486941364,0.4927019137974308,2704652000
27,2015-08-31 00:00:00,0.5286762118339539,0.5537124130902864,0.5201688154430275,0.5498232927605953,1467332000
28,2015-09-07 00:00:00,0.550552487373352,0.5576014561524322,0.5347529546913666,0.5415588715683514,1186500000
29,2015-09-14 00:00:00,0.5661087036132812,0.5763176331555462,0.5486076980986181,0.5532260302668175,1289068000
30,2015-09-21 00:00:00,0.5738869905471802,0.5850681862574425,0.5469062665610529,0.5668379657816194,1423960000
31,2015-09-28 00:00:00,0.6028123497962952,0.6028123497962952,0.5627058925559917,0.5738870902079722,2208140000
32,2015-10-05 00:00:00,0.6336821913719177,0.6387866284371468,0.6035415568237423,0.6067014629933459,2128708000
33,2015-10-12 00:00:00,0.6771918535232544,0.6835116681703892,0.6297933016220476,0.6344115786737735,2112624000
34,2015-10-19 00:00:00,0.69493567943573,0.6995540128294332,0.6650381542201743,0.6793792581570733,1634476000
35,2015-10-26 00:00:00,0.6895881295204163,0.6971233172259137,0.6716010156825335,0.6954218381833261,1301068000
36,2015-11-02 00:00:00,0.7668843269348145,0.776364046538795,0.671601085043375,0.6917758417134342,2660192000
37,2015-11-09 00:00:00,0.7243472337722778,0.7656690741133664,0.72070116517359,0.7593492605105037,2248744000
38,2015-11-16 00:00:00,0.7629953026771545,0.7673705851763282,0.7279932744929526,0.7338269844918507,1445360000
39,2015-11-23 00:00:00,0.7658926248550415,0.7722364369491217,0.7510091104592065,0.7722364369491217,663276000
40,2015-11-30 00:00:00,0.8234748244285583,0.8249387899103213,0.7658925699615793,0.7666245527024608,1736392000
41,2015-12-07 00:00:00,0.7927315831184387,0.8234746178331517,0.7898036528894793,0.8232306430381852,1484668000
42,2015-12-14 00:00:00,0.7841919660568237,0.818838894567209,0.7832160085295631,0.7934637079966772,1469600000
43,2015-12-21 00:00:00,0.8093230724334717,0.8115190202132097,0.7856558291596617,0.7927316221128109,589200000
44,2015-12-28 00:00:00,0.80419921875,0.8281104940010259,0.789559683843293,0.8007833389062365,674556000
45,2016-01-04 00:00:00,0.722949743270874,0.8159108897527481,0.7214857781310688,0.7878517518142866,2341468000
46,2016-01-11 00:00:00,0.6614636778831482,0.7471050650310629,0.6499960468115467,0.7236817950704602,2802088000
47,2016-01-18 00:00:00,0.6941585540771484,0.6987944238370426,0.6453600505554077,0.6751271254874791,1677772000
48,2016-01-25 00:00:00,0.7146540284156799,0.7161179936952189,0.6709793938860651,0.6939147141967001,1317652000
49,2016-02-01 00:00:00,0.6448720097541809,0.7185577398933329,0.6429200953092626,0.7139219285435688,1907132000
50,2016-02-08 00:00:00,0.6277926564216614,0.6478000444975327,0.603881380651432,0.6351124240339545,2050984000
51,2016-02-15 00:00:00,0.7427131533622742,0.7558887824277932,0.6348684890095451,0.6368204038928501,2851108000
52,2016-02-22 00:00:00,0.7729683518409729,0.783704001579687,0.7466171481124703,0.7534489675260913,1867480000
53,2016-02-29 00:00:00,0.7941955327987671,0.8066391196853393,0.7646724308049699,0.7712602155197634,1383164000
54,2016-03-07 00:00:00,0.7890079021453857,0.7980685585375045,0.7601119456650576,0.7926811491130392,1301180000
55,2016-03-14 00:00:00,0.8279441595077515,0.8387189209229661,0.7730907225134136,0.7853347828453131,1679364000
56,2016-03-21 00:00:00,0.8443511128425598,0.8492487365015874,0.8117819096715982,0.8205976439347038,1253756000
57,2016-03-28 00:00:00,0.8852465152740479,0.8876953276356019,0.8419024839286772,0.8428819971964403,1632076000
58,2016-04-04 00:00:00,0.8732473850250244,0.8972457830631361,0.8480246099031664,0.8925930216994478,1820924000
59,2016-04-11 00:00:00,0.9092447757720947,0.9173258611978085,0.8605133411491992,0.8783896745595012,1884540000
60,2016-04-18 00:00:00,0.8881850838661194,0.9104692580984358,0.8835323230189152,0.9075307183930622,1218464000
61,2016-04-25 00:00:00,0.8700637817382812,0.9141424589048847,0.8605133968201598,0.8884299020897233,1462032000
62,2016-05-02 00:00:00,0.8651662468910217,0.8869606948356478,0.842392285660138,0.8783898222162334,1435988000
63,2016-05-09 00:00:00,1.0035240650177,1.00401379235699,0.8553708021750127,0.867369997751813,3711984000
64,2016-05-16 00:00:00,1.085559725761414,1.089967623648321,0.9927495902248468,0.9959330525706245,2932460000
65,2016-05-23 00:00:00,1.124005913734436,1.125964940148796,1.08066188506992,1.090212270204572,1874880000
66,2016-05-30 00:00:00,1.141164422035217,1.167189361384565,1.121032056526826,1.131834854913058,1589940000
67,2016-06-06 00:00:00,1.134290099143982,1.16497976708882,1.124469414767377,1.144110783520587,1622720000
68,2016-06-13 00:00:00,1.147057175636292,1.172836505064869,1.133308262379348,1.135517875703697,1792424000
69,2016-06-20 00:00:00,1.122750878334045,1.19174129035162,1.11219369458297,1.165470963684924,2024460000
70,2016-06-27 00:00:00,1.145583987236023,1.162770244771449,1.094270831269341,1.113421202418924,1799368000
71,2016-07-04 00:00:00,1.248456001281738,1.25434846015198,1.13011664416441,1.139200715005575,1521520000
72,2016-07-11 00:00:00,1.29387629032135,1.320883228689773,1.264905238652191,1.266378352895689,1955648000
73,2016-07-18 00:00:00,1.342243432998657,1.342243432998657,1.295595119715754,1.309835148391643,1609180000
74,2016-07-25 00:00:00,1.401904225349426,1.405586953206755,1.344453108830416,1.350345567059588,1905216000
75,2016-08-01 00:00:00,1.428911089897156,1.429647588598884,1.362621406797751,1.407796605180859,1527996000
76,2016-08-08 00:00:00,1.547741055488586,1.556088624131846,1.426946516990258,1.44855211273116,3159956000
77,2016-08-15 00:00:00,1.52859103679657,1.559035207124847,1.48930829679714,1.549460021689217,2079412000
78,2016-08-22 00:00:00,1.522944331169128,1.554616002137798,1.491763659372618,1.533256016215335,1589016000
79,2016-08-29 00:00:00,1.538048624992371,1.558956060837935,1.504350869574082,1.531899475745149,1700380000
80,2016-09-05 00:00:00,1.464012145996094,1.555266887197558,1.451221706344941,1.543460372630159,1718368000
81,2016-09-12 00:00:00,1.545674085617065,1.555758819437258,1.409898755112173,1.444580560886538,2806732000
82,2016-09-19 00:00:00,1.597573637962341,1.609626221510207,1.543214387887611,1.561908025781457,1669316000
83,2016-09-26 00:00:00,1.68538498878479,1.701864942444819,1.562646050879082,1.579371956491122,1719196000
84,2016-10-03 00:00:00,1.64430820941925,1.714409569597889,1.629795986490861,1.685385241028658,1476132000
85,2016-10-10 00:00:00,1.623154520988464,1.661771791171886,1.566827420639954,1.652916817445579,1817088000
86,2016-10-17 00:00:00,1.661279678344727,1.671364410525064,1.611593755896154,1.622908364931719,1255352000
87,2016-10-24 00:00:00,1.735562682151794,1.794349416265785,1.672348344110573,1.672594413330158,1750608000
88,2016-10-31 00:00:00,1.662017464637756,1.766308695310477,1.637666466901822,1.741219724577237,1659904000
89,2016-11-07 00:00:00,2.163795709609985,2.183473269350288,1.64209395543832,1.71071946262575,4418620000
90,2016-11-14 00:00:00,2.296374320983887,2.331547918500886,2.056799724790063,2.166748122299735,4371920000
91,2016-11-21 00:00:00,2.316051959991455,2.342862486983118,2.272269220465209,2.314330178724557,1405604000
92,2016-11-28 00:00:00,2.178859710693359,2.333806243758648,2.088207317723108,2.312374863726969,2677620000
93,2016-12-05 00:00:00,2.261875629425049,2.380117760526671,2.192408177715549,2.216795634874726,2345740000
94,2016-12-12 00:00:00,2.473480463027954,2.480624101126729,2.156443229412369,2.213347306100194,3809184000
95,2016-12-19 00:00:00,2.704298734664917,2.705776890600186,2.438746329424946,2.455990150754356,3535152000
96,2016-12-26 00:00:00,2.629412174224854,2.954332107629322,2.53235497375605,2.760464144339315,6878336000
97,2017-01-02 00:00:00,2.539745330810547,2.620297788307952,2.448107407639823,2.571769069717295,4508368000
98,2017-01-09 00:00:00,2.547874689102173,2.689765231199036,2.50328732487893,2.549599048026889,3406268000
99,2017-01-16 00:00:00,2.562161922454834,2.630890304154514,2.441456340990762,2.537281822123317,2371932000
100,2017-01-23 00:00:00,2.753320693969727,2.756276771563015,2.554525826647276,2.556989263796066,2251512000
101,2017-01-30 00:00:00,2.817614078521729,2.855057561126561,2.658233544612232,2.732381196968929,2304748000
102,2017-02-06 00:00:00,2.798893451690674,2.97872014195756,2.773766908621807,2.808254090357206,4196232000
103,2017-02-13 00:00:00,2.641482591629028,2.807760808938935,2.581376240081923,2.79322686140359,3615292000
104,2017-02-20 00:00:00,2.499345302581787,2.754058889980845,2.357454563256403,2.666116138332541,3608516000
105,2017-02-27 00:00:00,2.427765846252441,2.59474720561981,2.373256259791578,2.520752469619563,3464588000
106,2017-03-06 00:00:00,2.444784641265869,2.498554221069656,2.347358415489627,2.39150855889604,3103480000
107,2017-03-13 00:00:00,2.61620569229126,2.617438965359009,2.454403935278008,2.455143946163214,3553976000
108,2017-03-20 00:00:00,2.650736093521118,2.712151815053712,2.597213271673032,2.633717491671206,3252256000
109,2017-03-27 00:00:00,2.68674635887146,2.7131378775147,2.554789236100699,2.604118968647331,2255420000
110,2017-04-03 00:00:00,2.474628925323486,2.704505787342188,2.427272230725724,2.687240436030761,3527748000
111,2017-04-10 00:00:00,2.355250120162964,2.482027630383228,2.355250120162964,2.47536824041602,2295464000
112,2017-04-17 00:00:00,2.507926464080811,2.510639523372537,2.362896814689011,2.368076419821995,1994148000
113,2017-04-24 00:00:00,2.572548151016235,2.613984986350336,2.518532074764804,2.539497005848238,1755212000
114,2017-05-01 00:00:00,2.561696290969849,2.635444520357299,2.52963189454548,2.583401475139299,1712824000
115,2017-05-08 00:00:00,3.154392719268799,3.217041704503612,2.523464919776518,2.573534664147667,6244420000
116,2017-05-15 00:00:00,3.354425191879272,3.409181043508396,3.133674309669261,3.195583284370265,5654012000
117,2017-05-22 00:00:00,3.502153396606445,3.587089965006686,3.350798367284826,3.401661646180423,3721220000
118,2017-05-29 00:00:00,3.546596765518188,3.629557965303667,3.507338182938569,3.548078110393602,2867764000
119,2017-06-05 00:00:00,3.693753957748413,4.160411459786696,3.518695789521636,3.530300480827889,7043388000
120,2017-06-12 00:00:00,3.743629217147827,3.821405580810757,3.50881925244021,3.601903786135688,6443460000
121,2017-06-19 00:00:00,3.798196315765381,3.993500936545231,3.78313468284278,3.787825960947917,4113992000
122,2017-06-26 00:00:00,3.569312334060669,3.866590297334483,3.543140024417448,3.831035430492874,4853884000
123,2017-07-03 00:00:00,3.623631954193115,3.641903286336042,3.421660679296368,3.581410683734715,2930516000
124,2017-07-10 00:00:00,4.072758197784424,4.106090449541802,3.671037643412679,3.697209945897779,5172736000
125,2017-07-17 00:00:00,4.150535106658936,4.180164357812444,3.982637115651317,4.106832255545616,3742404000
126,2017-07-24 00:00:00,4.058932304382324,4.195719948257456,3.890293742211874,4.157696170588969,3085688000
127,2017-07-31 00:00:00,4.128560543060303,4.199176258032518,3.965847611623718,4.072511974230836,2501016000
128,2017-08-07 00:00:00,3.85078763961792,4.310037692020261,3.775480653588711,4.157695366765606,4828816000
129,2017-08-14 00:00:00,3.987574815750122,4.189299054148494,3.930785936250501,3.94239062646487,3766832000
130,2017-08-21 00:00:00,4.044610977172852,4.130288314231432,3.885601783423321,4.012019040865763,2480548000
131,2017-08-28 00:00:00,4.212510585784912,4.248096986320034,4.00986729758579,4.067200628655348,2156108000
132,2017-09-04 00:00:00,4.045206069946289,4.16605078416962,4.020987823314202,4.161108150183943,1944760000
133,2017-09-11 00:00:00,4.450988292694092,4.450988292694092,4.085488752995386,4.090925840401242,3438396000
134,2017-09-18 00:00:00,4.423556804656982,4.725050928486145,4.38920629410064,4.575292299260469,4850492000
135,2017-09-25 00:00:00,4.417872905731201,4.441596702757645,4.205097346666192,4.392665752736423,3768256000
136,2017-10-02 00:00:00,4.480396270751953,4.497695494791667,4.374132436927671,4.468040153507817,2077824000
137,2017-10-09 00:00:00,4.808826923370361,4.818959184463622,4.498436398459762,4.517218035765402,3224896000
138,2017-10-16 00:00:00,4.865913391113281,4.932390094316849,4.755942344117059,4.838729367323415,2644944000
139,2017-10-23 00:00:00,4.98848819732666,4.988735187702931,4.724310307543695,4.887660503837918,2559036000
140,2017-10-30 00:00:00,5.157273769378662,5.188905970091922,4.972670661242003,4.988486997276416,2114488000
141,2017-11-06 00:00:00,5.341383934020996,5.403906905281506,4.951666133243493,5.120452938119164,3572452000
142,2017-11-13 00:00:00,5.22325611114502,5.366836191522583,5.135279486262298,5.341382521364681,2571048000
143,2017-11-20 00:00:00,5.361647605895996,5.362636509996618,5.20200416936625,5.238825999412213,1332668000
144,2017-11-27 00:00:00,4.888582229614258,5.375264342762619,4.729075054791517,5.374028061453409,3967752000
145,2017-12-04 00:00:00,4.735503673553467,4.953373074389318,4.465701982402379,4.947190254575947,3698840000
146,2017-12-11 00:00:00,4.737236022949219,4.816866027848057,4.565116518043961,4.749600722532909,2490244000
147,2017-12-18 00:00:00,4.828983783721924,4.898226859212409,4.729569971987069,4.777792962898822,1906804000
148,2017-12-25 00:00:00,4.785210609436035,4.945212063522629,4.743664305104842,4.773587398626335,1204780000
149,2018-01-01 00:00:00,5.326794624328613,5.392328387756269,4.809942205365817,4.841595914959465,2433712000
150,2018-01-08 00:00:00,5.514246463775635,5.595607557489521,5.341632609557862,5.450443774346606,2726828000
151,2018-01-15 00:00:00,5.690568923950195,5.714803999828668,5.358695549531394,5.540706723912115,2258768000
152,2018-01-22 00:00:00,6.017496585845947,6.017743747767247,5.640861910844676,5.698482241272296,2532384000
153,2018-01-29 00:00:00,5.774897575378418,6.164391767158525,5.716782917881571,6.002906347169233,2742212000
154,2018-02-05 00:00:00,5.739286422729492,5.907696135839156,5.044874177463528,5.613659304842977,5901540000
155,2018-02-12 00:00:00,6.03010892868042,6.182444160344625,5.564941701758299,5.820400056735479,3800240000
156,2018-02-19 00:00:00,6.081792831420898,6.231160674524437,5.922780486823886,6.052611693386214,2528196000
157,2018-02-26 00:00:00,5.853217124938965,6.159314955968348,5.489710935847415,6.131847826664158,3401412000
158,2018-03-05 00:00:00,6.070726871490479,6.083593886696444,5.679505798046678,5.802984211889562,2756228000
159,2018-03-12 00:00:00,6.19816255569458,6.297638121094479,6.088294077130641,6.11204957692049,2531736000
160,2018-03-19 00:00:00,5.764878273010254,6.23577848475712,5.753742935745546,6.141252011790517,2993972000
161,2018-03-26 00:00:00,5.730729103088379,6.186287193874215,5.369697473073321,5.889345219777749,3882956000
162,2018-04-02 00:00:00,5.301645755767822,5.806446809709509,5.272446484670914,5.660203138768096,3742920000
163,2018-04-09 00:00:00,5.728500843048096,5.877219119587775,5.310307769889184,5.364747389717976,2818400000
164,2018-04-16 00:00:00,5.659462928771973,5.920276530831758,5.612199699383818,5.735183022014369,2047576000
165,2018-04-23 00:00:00,5.600568294525146,5.728500738010396,5.203903949846209,5.677278580699854,2207268000
166,2018-04-30 00:00:00,5.91557502746582,5.918792017484211,5.498371634455831,5.616900914279543,1693684000
167,2018-05-07 00:00:00,6.29838228225708,6.446110845573553,6.010348869912967,6.020247155631411,3999528000
168,2018-05-14 00:00:00,6.08582067489624,6.396372496072151,5.975952175240302,6.336489104175174,3043996000
169,2018-05-21 00:00:00,6.168469905853271,6.187028954250787,5.945021266391068,6.183317333361766,2331328000
170,2018-05-28 00:00:00,6.378787517547607,6.384978008448166,6.108403612194408,6.154210316796018,1659516000
171,2018-06-04 00:00:00,6.494172096252441,6.600889593568349,6.380769170504172,6.412957553215707,2134996000
172,2018-06-11 00:00:00,6.56795597076416,6.665512381747454,6.429297599165642,6.48154225214055,1785016000
173,2018-06-18 00:00:00,6.213634490966797,6.581327308821423,6.198283416886736,6.523882980388007,2114656000
174,2018-06-25 00:00:00,5.865750789642334,6.110879190160249,5.818953270475941,6.107165273752861,2328904000
175,2018-07-02 00:00:00,6.124001502990723,6.132420153471362,5.775622104583611,5.796173321587736,1182872000
176,2018-07-09 00:00:00,6.173274993896484,6.292620445856925,6.092803817411878,6.198283478280032,1623900000
177,2018-07-16 00:00:00,6.212149143218994,6.296582174987381,6.070766720561958,6.145543286911185,1294916000
178,2018-07-23 00:00:00,6.240128993988037,6.353531908832767,6.023722508740954,6.185656169918241,1595860000
179,2018-07-30 00:00:00,6.242108821868896,6.265879018597601,5.9724678369675,6.254241860972392,1391840000
180,2018-08-06 00:00:00,6.308714389801025,6.443658846467446,6.182931461095183,6.229481034009375,1188416000
181,2018-08-13 00:00:00,6.061853885650635,6.527845580130686,6.034864706098237,6.317381645756288,3377012000
182,2018-08-20 00:00:00,6.740289688110352,6.754898357299385,5.910814523716411,6.021246390734786,3530428000
183,2018-08-27 00:00:00,6.949763774871826,6.975514667291105,6.673684323009469,6.770002464944089,2054468000
184,2018-09-03 00:00:00,6.735058307647705,7.066038509240068,6.619363515888033,6.940434365454844,1403092000
185,2018-09-10 00:00:00,6.848274707794189,6.914421317375215,6.488804021178566,6.75760208739991,1574816000
186,2018-09-17 00:00:00,6.526707649230957,6.893114992648777,6.493510781584082,6.822757233631258,1595620000
187,2018-09-24 00:00:00,6.961987972259521,6.984284605801929,6.408537103225342,6.495741388895198,1766672000
188,2018-10-01 00:00:00,6.68550968170166,7.252833868525911,6.628033931722385,7.039777852733536,2144432000
189,2018-10-08 00:00:00,6.107780456542969,6.717716176553117,5.803556116902008,6.602269460112469,2700724000
190,2018-10-15 00:00:00,5.677454948425293,6.190524515544884,5.641037343783275,6.094401318364429,2325768000
191,2018-10-22 00:00:00,4.912435531616211,5.829816337107143,4.784353929734536,5.729729564739112,3496072000
192,2018-10-29 00:00:00,5.32442569732666,5.499825579465871,4.360469629471938,5.053645903739906,3330468000
193,2018-11-05 00:00:00,5.095267295837402,5.386113937596113,4.980563864146624,5.311296463057978,2086748000
194,2018-11-12 00:00:00,4.073587417602539,5.12524304019078,4.003724394564426,5.003850544543067,4592636000
195,2018-11-19 00:00:00,3.592228651046753,4.008926977997205,3.30262078107483,4.008184166539085,4827316000
196,2018-11-26 00:00:00,4.048814296722412,4.059466933626907,3.630876913229426,3.713374365850163,3636152000
197,2018-12-03 00:00:00,3.660547971725464,4.331851152786028,3.61119854527597,4.280269643070308,3076900000
198,2018-12-10 00:00:00,3.631781816482544,3.86588214770312,3.591359774454612,3.615662475391847,2898724000
199,2018-12-17 00:00:00,3.213178396224976,3.728001206356782,3.185651730778641,3.601775438990081,3585932000
200,2018-12-24 00:00:00,3.314356327056885,3.407103884720769,3.086455658938162,3.136797190811982,2424712000
201,2018-12-31 00:00:00,3.37734580039978,3.434134790187041,3.166556085514127,3.357754647798834,2265064000
202,2019-01-07 00:00:00,3.690802812576294,3.713617693876199,3.383297736469129,3.434631396768626,3510356000
203,2019-01-14 00:00:00,3.891672611236572,3.917711453922712,3.614918175413193,3.638477083272157,2962056000
204,2019-01-21 00:00:00,3.971524477005005,3.989627575104827,3.659060027850563,3.861418069445628,3116116000
205,2019-01-28 00:00:00,3.589127063751221,3.640212628210705,3.248640039539354,3.386273097760972,6107588000
206,2019-02-04 00:00:00,3.674435138702393,3.858690072123281,3.57424800268967,3.604998388020523,2872204000
207,2019-02-11 00:00:00,3.901840448379517,4.063776229620789,3.583423986062312,3.630293716655704,4035624000
208,2019-02-18 00:00:00,3.947717905044556,3.999051327353912,3.848274786575892,3.8911767613777,1943168000
209,2019-02-25 00:00:00,3.879769563674927,4.098742665296197,3.796941485977626,4.03129013707519,2326872000
210,2019-03-04 00:00:00,3.739538908004761,3.945084476641411,3.594564605009951,3.922246080126228,2048960000
211,2019-03-11 00:00:00,4.2154221534729,4.258119772127167,3.715956085688551,3.763122472707911,3389072000
212,2019-03-18 00:00:00,4.406320095062256,4.592502634290239,4.16701329706479,4.246947792240488,3633068000
213,2019-03-25 00:00:00,4.457458972930908,4.511824251219197,4.247693440369986,4.365609166940332,2640252000
214,2019-04-01 00:00:00,4.740207672119141,4.757585108286332,4.477566481628515,4.549308716189336,2647368000
215,2019-04-08 00:00:00,4.716874122619629,4.802766531464171,4.656054736519645,4.709675228526486,2155244000
216,2019-04-15 00:00:00,4.624774932861328,4.72804429155057,4.545337110327072,4.709177737675668,1567048000
217,2019-04-22 00:00:00,4.420966148376465,4.786380416696028,4.302057552272839,4.601190792035672,2313280000
218,2019-04-29 00:00:00,4.543102264404297,4.589275264339983,4.356671148109936,4.428910062906206,1840628000
219,2019-05-06 00:00:00,4.190844535827637,4.476821002154061,4.071191145192265,4.356670924023779,2626312000
220,2019-05-13 00:00:00,3.885753631591797,4.081866130819468,3.846283072076872,4.058779393999854,3487268000
221,2019-05-20 00:00:00,3.603252410888672,3.865148991451441,3.596549734190888,3.786952438189409,2209208000
222,2019-05-27 00:00:00,3.362704277038574,3.65364570080479,3.360966581177091,3.62087758642065,1772176000
223,2019-06-03 00:00:00,3.616064548492432,3.650361127066936,3.295465024886671,3.377727230220919,2389092000
224,2019-06-10 00:00:00,3.594690799713135,3.786553525800089,3.549956146501057,3.672231212900646,1848052000
225,2019-06-17 00:00:00,3.771641731262207,3.910071165779438,3.570086576600453,3.592951038662277,1974200000
226,2019-06-24 00:00:00,4.081554412841797,4.10988653860592,3.745794618258883,3.793014827865755,2021996000
227,2019-07-01 00:00:00,3.982143640518188,4.323122221139045,3.918769064204732,4.28882541391186,1753172000
228,2019-07-08 00:00:00,4.165557384490967,4.236636344940113,3.852165186681993,3.92249826529111,2313676000
229,2019-07-15 00:00:00,4.186184883117676,4.292305825369699,4.096715094156998,4.186682137645606,1766576000
230,2019-07-22 00:00:00,4.350956916809082,4.44589410835176,4.200101123121725,4.207557094750037,1777212000
231,2019-07-29 00:00:00,4.006001472473145,4.372578424532569,3.958533116848016,4.343749522721043,1654908000
232,2019-08-05 00:00:00,3.831785917282104,3.934427503117278,3.700563808866977,3.822341873174822,1974104000
233,2019-08-12 00:00:00,3.965492725372314,4.014700771258872,3.663035682391169,3.779594688745096,2536196000
234,2019-08-19 00:00:00,4.037068843841553,4.310696784091418,4.017186720607236,4.078821634452663,2577088000
235,2019-08-26 00:00:00,4.163070678710938,4.246327370975552,3.951574495497772,4.115850946289823,1513380000
236,2019-09-02 00:00:00,4.44432544708252,4.505025873462062,4.061215630781519,4.094302264706175,1596520000
237,2019-09-09 00:00:00,4.526171684265137,4.686878865446666,4.447808131519822,4.475421923235078,1784280000
238,2019-09-16 00:00:00,4.296056270599365,4.517712970392799,4.285856971539638,4.451041962642942,1308752000
239,2019-09-23 00:00:00,4.272921085357666,4.453530067850386,4.212220186320152,4.296305690697163,1472032000
240,2019-09-30 00:00:00,4.526918888092041,4.556274086870078,4.232371881208485,4.298794269934822,1561676000
241,2019-10-07 00:00:00,4.626924514770508,4.710263156568549,4.390838853365016,4.591847371730811,1973360000
242,2019-10-14 00:00:00,4.738872528076172,4.957792835343503,4.587120983799709,4.618217580610694,1863984000
243,2019-10-21 00:00:00,5.088397026062012,5.109293842180028,4.752305143341751,4.800317998303915,1525616000
244,2019-10-28 00:00:00,5.039886474609375,5.196861707601491,4.920972960998994,5.132180746714859,1241360000
245,2019-11-04 00:00:00,5.168999671936035,5.266518629903494,5.077699937221087,5.120986338413858,1416036000
246,2019-11-11 00:00:00,5.079691410064697,5.270500176398841,4.991376714988217,5.168254266762927,2398836000
247,2019-11-18 00:00:00,5.246368408203125,5.337419036055505,5.069242246605022,5.072227303069015,1974228000
248,2019-11-25 00:00:00,5.39190149307251,5.508078627211934,5.361551276685028,5.37448747338268,1249060000
249,2019-12-02 00:00:00,5.282104969024658,5.402351273442444,4.988336967963168,5.388907422070278,1527812000
250,2019-12-09 00:00:00,5.576372623443604,5.70060196321055,5.250488798519372,5.25920223168474,1561116000
251,2019-12-16 00:00:00,5.959267616271973,5.984660982864215,5.595791135073252,5.623923416311118,2034124000
252,2019-12-23 00:00:00,5.89702844619751,6.020012739661076,5.870638852033703,5.987897446416258,931420000
253,2019-12-30 00:00:00,5.877111434936523,5.97271037259579,5.729231427593149,5.875119928898838,931980000
254,2020-01-06 00:00:00,6.082500457763672,6.187809062014118,5.757612867310626,5.783753166281592,1426008000
255,2020-01-13 00:00:00,6.205982208251953,6.298345063073421,6.087727876742814,6.165651601183939,1480016000
256,2020-01-20 00:00:00,6.235857486724854,6.460416175717536,6.138515387273305,6.169386105232808,1075184000
257,2020-01-27 00:00:00,5.886074542999268,6.205734576014115,5.781512863270481,5.931135578868963,1701284000
258,2020-02-03 00:00:00,6.263491153717041,6.32971323555839,5.861675637610411,5.867899449647514,1143364000
259,2020-02-10 00:00:00,7.214503765106201,7.34346302548692,6.28116657289878,6.286145812257764,3112748000
260,2020-02-17 00:00:00,7.321057796478271,7.874985657808476,7.091769162411699,7.11118753344301,2892728000
261,2020-02-24 00:00:00,6.723562717437744,7.017331224395575,6.019514528598513,6.726549976477074,4699812000
262,2020-03-02 00:00:00,6.627195358276367,7.096758759426788,6.426914546646365,6.897723739981631,3196684000
263,2020-03-09 00:00:00,5.99945068359375,6.503639745843425,5.375691216694414,5.976034824561455,3146148000
264,2020-03-16 00:00:00,5.125340461730957,5.737391738796096,4.500833637687912,5.291244166327941,4005020000
265,2020-03-23 00:00:00,6.29563570022583,6.554455884654621,4.945236096203256,5.124342695160235,3873888000
266,2020-03-30 00:00:00,6.075925350189209,6.860357696590128,5.938419263164175,6.361150453921706,3548100000
267,2020-04-06 00:00:00,6.550220966339111,6.931352076706126,6.300617365407533,6.358160888350756,2580412000
268,2020-04-13 00:00:00,7.281843662261963,7.448245761831278,6.402004153973082,6.49043639041616,2580244000
269,2020-04-20 00:00:00,7.213838577270508,7.311238912676753,6.653850197394387,7.155299168769909,2444392000
270,2020-04-27 00:00:00,7.044197559356689,7.577781003539226,6.995871084634672,7.348355207934517,2019464000
271,2020-05-04 00:00:00,7.784537792205811,7.790765327413479,6.996866956794372,6.996866956794372,1722864000
272,2020-05-11 00:00:00,8.46036148071289,8.470075999600581,7.567567926893287,7.779556441888978,3177944000
273,2020-05-18 00:00:00,8.993946075439453,9.06045771015091,8.649433615529677,8.729147229596872,3879148000
274,2020-05-25 00:00:00,8.843734741210938,9.148889257433646,7.968129896989842,9.123978161067479,3426824000
275,2020-06-01 00:00:00,8.88807487487793,8.964798952887381,8.627012504562071,8.801635327787865,2052664000
276,2020-06-08 00:00:00,8.904592514038086,9.470319615690332,8.658613544656326,8.849514961582445,2642964000
277,2020-06-15 00:00:00,9.23231315612793,9.415489189063983,8.716430139248015,8.787707516260967,2122592000
278,2020-06-22 00:00:00,9.126397132873535,9.612374246228843,9.096491126870147,9.270944571497026,2191104000
279,2020-06-29 00:00:00,9.582218170166016,9.707076706818132,8.87219279029412,9.14110058664691,1400844000
280,2020-07-06 00:00:00,10.44650745391846,10.62195718304949,9.682152835782185,9.711311588428787,2031396000
281,2020-07-13 00:00:00,10.16962623596191,10.75853023016309,9.75492562686523,10.56189710633208,2014984000
282,2020-07-20 00:00:00,10.1626501083374,10.56937541895382,9.746454926539363,10.24215101263335,1814132000
283,2020-07-27 00:00:00,10.58158397674561,10.73286039460008,10.17735150705274,10.20027940746498,1543236000
284,2020-08-03 00:00:00,11.16450786590576,11.46880429650139,10.68177080977309,10.69896697394749,1559812000
285,2020-08-10 00:00:00,11.52786827087402,11.68512550837794,10.76201821338886,11.29883644697222,1987616000
286,2020-08-17 00:00:00,12.64387130737305,12.7687298329124,11.78032782552802,11.81422103896859,3668628000
287,2020-08-24 00:00:00,13.10667133331299,13.10692041531794,12.46842151229055,12.8434962304909,1955648000
288,2020-08-31 00:00:00,12.58306407928467,14.6807397483366,11.66818103813451,13.14156302703366,4294980000
289,2020-09-07 00:00:00,12.13012218475342,13.02832673807961,11.67117299457751,11.7013371019427,2867540000
290,2020-09-14 00:00:00,12.15480041503906,13.27736838010428,11.95486753746408,13.04403046259582,3976656000
291,2020-09-21 00:00:00,12.83736515045166,12.8470879595785,11.87085477823892,11.89129702246727,3333764000
292,2020-09-28 00:00:00,13.02533435821533,13.72385418137768,12.7139666842426,13.00339622142726,2961952000
293,2020-10-05 00:00:00,13.72385311126709,14.10203179220938,13.18537930819615,13.19859221073922,2408116000
294,2020-10-12 00:00:00,13.7724666595459,14.30794968812375,13.72884049243109,13.94996405929473,1565064000
295,2020-10-19 00:00:00,13.55184078216553,13.94397887855767,13.19435350793077,13.86370674039304,1270840000
296,2020-10-26 00:00:00,12.49857807159424,13.65405291102602,12.26523917333282,13.38905401528768,1700836000
297,2020-11-02 00:00:00,14.52084636688232,14.54752038026917,12.35997074370657,12.62197785448596,1685156000
298,2020-11-09 00:00:00,13.25942039489746,14.64997908501459,12.59256058397443,14.51137198302788,2343912000
299,2020-11-16 00:00:00,13.05076217651367,13.61092403318327,13.02807561989209,13.13527188227885,2143752000
300,2020-11-23 00:00:00,13.2237720489502,13.36960945593736,12.84858605026075,13.13402719593082,1135048000
301,2020-11-30 00:00:00,13.51993274688721,13.63485666766096,12.93558843086904,13.22751143235718,1269024000
302,2020-12-07 00:00:00,12.98030757904053,13.69648943669649,12.79053879722423,13.56681841483453,1313492000
303,2020-12-14 00:00:00,13.23840045928955,13.42991382232487,13.03741064451647,13.0548662648124,1259736000
304,2020-12-21 00:00:00,12.96085357666016,13.33615129766482,12.90599346602626,13.04164883765251,764940000
305,2020-12-28 00:00:00,13.02195167541504,13.18029938249431,12.73094028388727,13.02943238482128,800756000
306,2021-01-04 00:00:00,13.24313926696777,13.61793858901826,12.55413874321762,13.07107629644935,2217832000
307,2021-01-11 00:00:00,12.82694530487061,13.92565729876616,12.81597347168034,13.38477940683904,1580748000
308,2021-01-18 00:00:00,13.67778587341309,13.9638107456863,12.81148475966842,12.9832984963831,1069360000
309,2021-01-25 00:00:00,12.95686340332031,13.79348980285341,12.7613595229501,13.74685809261636,1286232000
310,2021-02-01 00:00:00,13.55659294128418,13.89648099893911,12.87008571009798,13.02020500455277,1053544000
311,2021-02-08 00:00:00,14.92337608337402,15.25254061631727,13.69249973377953,13.69249973377953,2033120000
312,2021-02-15 00:00:00,14.88871479034424,15.33358586733053,14.53810408139612,15.02611575734193,1102308000
313,2021-02-22 00:00:00,13.67978191375732,15.09494013143285,13.18279323531031,14.73734720143071,2491352000
314,2021-03-01 00:00:00,12.42995452880859,13.88974977756586,11.64968435063219,13.83987615971127,2111076000
315,2021-03-08 00:00:00,12.82345390319824,13.01322266507192,11.53721814481637,12.41848158930903,1993192000
316,2021-03-15 00:00:00,12.81765365600586,13.48294529602968,12.58491415491019,12.83661215253186,1331084000
317,2021-03-22 00:00:00,12.81116676330566,13.36520245162173,12.24515819002408,12.88450663114681,1424804000
318,2021-03-29 00:00:00,13.78153896331787,13.83966102356923,12.67222017374505,12.7922068909335,1096776000
319,2021-04-05 00:00:00,14.36850166320801,14.4398460436023,13.6815082073516,13.83716711652195,1138288000
320,2021-04-12 00:00:00,15.87769603729248,16.17878622247326,14.10832396944678,14.2584950877926,2864724000
321,2021-04-19 00:00:00,15.23186206817627,15.77292573986181,14.75116526401282,15.50251856210482,1460616000
322,2021-04-26 00:00:00,14.97667121887207,15.6362257505513,14.96419874881798,15.15178823834058,946892000
323,2021-05-03 00:00:00,14.77985095977783,15.21340030903941,13.97960514726369,15.09191673743559,1323968000
324,2021-05-10 00:00:00,14.21184635162354,14.77361462905245,13.42956079703222,14.75490545056361,1401916000
325,2021-05-17 00:00:00,14.95895767211914,15.18870439430629,13.51362635746045,14.12603338117668,1741820000
326,2021-05-24 00:00:00,16.2089672088623,16.24189597111606,15.14280479944737,15.17922493925022,2586676000
327,2021-05-31 00:00:00,17.5398006439209,17.62236805512823,15.8684633565273,16.23441185203667,2264100000
328,2021-06-07 00:00:00,17.7862606048584,17.90001156695558,17.1384307098943,17.53281648045411,1985340000
329,2021-06-14 00:00:00,18.60224533081055,19.33705327927861,17.5500594062944,17.87093051222209,2650044000
330,2021-06-21 00:00:00,18.99372482299805,19.38196284220591,17.78784133178643,18.3991408893018,2184172000
331,2021-06-28 00:00:00,20.44687271118164,20.46508838216146,19.28116114188802,19.32332806924448,2012536000
332,2021-07-05 00:00:00,20.01097679138184,20.83411225677445,19.66216260380483,20.69688081579372,1665060000
333,2021-07-12 00:00:00,18.12542915344238,20.4925337205687,18.0376021651406,20.20035769483014,2231580000
334,2021-07-19 00:00:00,19.51969528198242,19.84804948817844,17.83050905842344,17.88016289988913,2074262000
335,2021-07-26 00:00:00,19.4608097076416,19.81411645281409,18.70429300538327,19.27317819951828,1029275000
336,2021-08-02 00:00:00,20.32610893249512,20.69239067898605,19.1823536606795,19.66141494541013,1140496000
337,2021-08-09 00:00:00,20.14846038818359,20.46783334554019,19.39194555267418,20.40595450192008,846321000
338,2021-08-16 00:00:00,20.77523231506348,20.82413613645644,18.72525417523381,20.0955662819711,2143670000
339,2021-08-23 00:00:00,22.5916633605957,22.67749535712495,20.90896674944809,20.92992552612948,1763469000
340,2021-08-30 00:00:00,22.79825782775879,22.9978649455971,22.07667439424656,22.78528280353355,1192563000
341,2021-09-06 00:00:00,22.43792724609375,22.85817622232105,21.93781906470673,22.79229390122288,897773000
342,2021-09-13 00:00:00,21.8609619140625,22.92306636910001,21.79108699674727,22.64356479589041,1114329000
343,2021-09-20 00:00:00,22.04163551330566,22.49482663837928,20.62516644813967,21.10830287360004,1289064000
344,2021-09-27 00:00:00,20.70502281188965,21.76013765480884,20.1669822510345,21.67129561876174,1268665000
345,2021-10-04 00:00:00,20.79386520385742,21.28399105480662,19.52014078149,20.46744846219794,1330296000
346,2021-10-11 00:00:00,21.82302856445312,21.89190580955726,20.47443700896208,20.53832400474572,976757000
347,2021-10-18 00:00:00,22.68548965454102,23.08876883510016,21.60541763998285,21.71023191948053,934217000
348,2021-10-25 00:00:00,25.52142333984375,25.66317040664169,22.72941033220495,22.93204757809549,1488830000
349,2021-11-01 00:00:00,29.6989631652832,31.34402415677027,25.18202816975311,25.60327677149255,2804653000
350,2021-11-08 00:00:00,30.33582496643066,32.2524042780716,28.72669906924066,30.09525535943967,2531279000
351,2021-11-15 00:00:00,32.92620849609375,33.02902554971612,28.74866642473861,30.49754448584734,2393479000
352,2021-11-22 00:00:00,31.44684219360352,34.58523671894995,30.82495167289661,33.45725002006336,2004729000
353,2021-11-29 00:00:00,30.63828468322754,33.35243550767334,30.07628670800289,32.30830257769927,2578613000
354,2021-12-06 00:00:00,30.14785957336426,32.39512339693798,27.99144616264231,29.83038678444136,2704874000
355,2021-12-13 00:00:00,27.75484085083008,31.10826294609943,27.20475511657014,30.19877623725316,3384800000
356,2021-12-20 00:00:00,29.59078216552734,30.00908704052629,27.09992617980119,27.25966034743895,1724438000
357,2021-12-27 00:00:00,29.36216735839844,31.27798181131608,29.28230026089834,29.61075448484248,1742810000
358,2022-01-03 00:00:00,27.20176124572754,30.66001062897345,27.01207617165699,29.76549835907906,2280890000
359,2022-01-10 00:00:00,26.89726638793945,28.54752171373559,25.60142118222417,26.53686571199861,2318186000
360,2022-01-17 00:00:00,23.33519172668457,26.59377231116475,23.22437596365487,26.21639966127492,2066724000
361,2022-01-24 00:00:00,22.80208015441895,24.01705869166696,20.85332128797578,22.29292665091435,3451684000
362,2022-01-31 00:00:00,24.27861976623535,25.77413160513504,23.01372335803526,23.14350666172771,2392031000
363,2022-02-07 00:00:00,23.90923309326172,26.88029140218973,23.73352664397597,24.33153105459317,2430181000
364,2022-02-14 00:00:00,23.60274505615234,26.53786401766537,23.06164517495329,23.89426003698217,3444819000
365,2022-02-21 00:00:00,24.11688995361328,24.17678979805116,20.855314194781,22.99675315129805,2464600000
366,2022-02-28 00:00:00,22.89792060852051,24.6240500733885,22.44467390403693,23.95216710763163,2075527000
367,2022-03-07 00:00:00,22.06706619262695,23.18539606316829,20.6192262712316,22.7829967496664,2296305000
368,2022-03-14 00:00:00,26.41357612609863,26.52940437839653,21.12746707099968,21.83640804157385,2751432000
369,2022-03-21 00:00:00,27.65073204040527,28.31573991417233,25.53688817877701,26.46749849393624,3097249000
370,2022-03-28 00:00:00,26.67219161987305,28.90286159496947,26.22785509776325,27.71463639558777,2418640000
371,2022-04-04 00:00:00,23.08454895019531,27.51693530335222,23.02763468041329,26.68817219519823,2620341000
372,2022-04-11 00:00:00,21.226318359375,22.74305558037174,21.13146062467812,22.18089490051919,2323505000
373,2022-04-18 00:00:00,19.48591613769531,22.63621491899868,19.47093910167444,21.16840634926388,2788378000
374,2022-04-25 00:00:00,18.51936149597168,20.09800480982903,18.26274451682734,19.17338417319185,2864931000
375,2022-05-02 00:00:00,18.64716529846191,20.36959467288147,17.9631867821235,18.51336614469374,2956283000
376,2022-05-09 00:00:00,17.67960929870605,18.22779082311392,15.5437984048593,18.00712144879203,3455261000
377,2022-05-16 00:00:00,16.66912078857422,18.34362156230592,15.73152007253583,17.48290670844248,3012852000
378,2022-05-23 00:00:00,18.78296852111816,18.8528639018411,15.75648425201786,16.24974852352112,3744525000
379,2022-05-30 00:00:00,18.69210052490234,19.58976089486328,18.09499216284217,18.95171327025592,2456049000
380,2022-06-06 00:00:00,16.94870376586914,19.30818103797028,16.8438588049634,19.1104761725425,2035394000
381,2022-06-13 00:00:00,15.85968685150146,16.84642294503815,15.30839290912507,15.97953323648054,2813852000
382,2022-06-20 00:00:00,17.10409164428711,17.11807367434373,15.83272031903586,16.45392534174556,1856057000
383,2022-06-27 00:00:00,14.50442218780518,17.30783168088967,14.3735901951089,17.28985505668847,2635149000
384,2022-07-04 00:00:00,15.81773948669434,16.01648527345185,14.03702040257704,14.15686677791148,2141338000
385,2022-07-11 00:00:00,15.7418384552002,15.76181237734729,14.44649755386921,15.50614026864695,2259892000
386,2022-07-18 00:00:00,17.29685020446777,18.12079393233045,15.98153513819434,16.28115069288818,3227141000
387,2022-07-25 00:00:00,18.13976860046387,18.22066437206382,16.45692434431935,16.99723083549695,2358495000
388,2022-08-01 00:00:00,18.9647102355957,19.24934552087416,17.96698757388199,18.15874141014429,2179862000
389,2022-08-08 00:00:00,18.6850643157959,18.69405357886813,16.70260511656668,17.47960966204453,3234965000
390,2022-08-15 00:00:00,17.826171875,19.13948860493929,17.74727244439514,18.67708144199046,2212740000
391,2022-08-22 00:00:00,16.23920249938965,17.92404497731528,16.21623120182601,17.4676287822536,2842058000
392,2022-08-29 00:00:00,13.62954330444336,16.3171000557777,13.25302570114004,15.99950794838159,3522045000
393,2022-09-05 00:00:00,14.36859607696533,14.45548467894437,13.32892736974315,13.71343510214554,2159893000
394,2022-09-12 00:00:00,13.18503379821777,14.53270847269163,12.60460426428317,14.35488384888268,2981998000
395,2022-09-19 00:00:00,12.50370502471924,14.01721714656567,12.24495962198665,12.99921808155607,3324653000
396,2022-09-26 00:00:00,12.12707424163818,12.81040227591053,11.93426401036399,12.47872866314813,2742012000
397,2022-10-03 00:00:00,12.06413745880127,13.64258528318786,12.01019060432097,12.33487115282209,2955426000
398,2022-10-10 00:00:00,11.21597003936768,12.11208812304112,10.80237627150986,12.02517370468591,3422306000
399,2022-10-17 00:00:00,12.45375156402588,12.75645431148706,11.50568456585099,11.50668303455868,3025159000
400,2022-10-24 00:00:00,13.82040786743164,13.83639289453765,12.05214737016238,12.4957113885013,2660045000
401,2022-10-31 00:00:00,14.14209270477295,14.2150209408608,12.94327182431912,13.76446380826297,2704427000
402,2022-11-07 00:00:00,16.31096076965332,16.37290013808906,13.7454836149779,14.21402275372252,2816073000
403,2022-11-14 00:00:00,15.39386367797852,16.98130155182368,15.10514706059476,16.20206898849434,2926241000
404,2022-11-21 00:00:00,16.25401496887207,16.51076243251296,15.06518362595047,15.13211818628834,1472780000
405,2022-11-28 00:00:00,16.85941886901855,17.24803661756709,15.50475213805476,16.0102536085016,2009789000
406,2022-12-05 00:00:00,16.9886417388916,17.5702194257546,15.65561176474242,16.66687719751919,2058131000
407,2022-12-12 00:00:00,16.55895614624023,18.77634525329017,16.39807385463352,17.02461898954151,2567579000
408,2022-12-19 00:00:00,15.19494819641113,16.61491585554174,14.87118333003933,16.55995552607296,1996695000
409,2022-12-26 00:00:00,14.60337924957275,15.08902609855276,13.87390929881239,15.06304497179702,1481381000
410,2023-01-02 00:00:00,14.84820175170898,14.99909203862425,14.02380149305975,14.84020719196583,1626813000
411,2023-01-09 00:00:00,16.88671875,16.90970275129733,15.1299960101588,15.27289268660504,2240313000
412,2023-01-16 00:00:00,17.82603645324707,17.86001023469193,16.71884187524356,16.88671905166224,1968625000
413,2023-01-23 00:00:00,20.35019493103027,20.61300422460414,17.80504755724796,18.05086710521005,2632581000
414,2023-01-30 00:00:00,21.08466529846191,21.93304728539408,18.93622825917434,19.93550147800227,2640747000
415,2023-02-06 00:00:00,21.24954414367676,23.0032696898561,20.77089218588598,20.79087810746328,2750611000
416,2023-02-13 00:00:00,21.37245178222656,23.0322435625902,20.94676088219088,21.52234235363118,2448882000
417,2023-02-20 00:00:00,23.26907348632812,23.87063710204248,20.40615618743799,20.98473580443901,2630910000
418,2023-02-27 00:00:00,23.87263679504395,23.88262975603443,22.41569624637796,23.65279737114063,2170791000
419,2023-03-06 00:00:00,22.94831085205078,24.43622907478526,22.70948421975685,23.87363849690944,2442279000
420,2023-03-13 00:00:00,25.71067047119141,26.38429481125842,22.28458051504204,22.73932698459895,2853086000
421,2023-03-20 00:00:00,26.76408004760742,27.57363014794552,25.11599858088848,25.60072898471346,2797259000
422,2023-03-27 00:00:00,27.76152610778809,27.81849356058093,25.83559957656855,26.82204923965303,1909273000
423,2023-04-03 00:00:00,27.02193832397461,27.98440118023234,26.3802957843741,27.49367549444369,1679977000
424,2023-04-10 00:00:00,26.74309158325195,27.77451811373096,26.20539121551009,26.8080559031911,1905191000
425,2023-04-17 00:00:00,27.10389137268066,28.09434041093945,26.41827462893258,26.55020106067755,2057759000
426,2023-04-24 00:00:00,27.73354148864746,27.74253534619614,26.21039034637244,26.99795145569875,1793523000
427,2023-05-01 00:00:00,28.66402053833008,29.0418101855974,27.22482233595123,27.82448841246624,2039790000
428,2023-05-08 00:00:00,28.32420921325684,29.20371804186803,28.03037240366686,28.50610701054034,1625569000
429,2023-05-15 00:00:00,31.24658203125,31.81026699010489,28.13631628745632,28.49211694498674,2398499000
430,2023-05-22 00:00:00,38.92430114746094,39.45800403636273,29.78939392885076,30.88378318485704,3707980000
431,2023-05-29 00:00:00,39.30509567260742,41.91464148276781,37.80093284618835,40.57239098912283,3044585000
432,2023-06-05 00:00:00,38.74840545654297,39.68887939531316,37.33519159456223,38.88732797214397,2142310000
433,2023-06-12 00:00:00,42.67263031005859,43.7011627413836,38.6004775317252,39.18221418762517,2966705000
434,2023-06-19 00:00:00,42.18984985351562,43.97004387625211,41.9959376252503,42.97849335667304,1778633000
435,2023-06-26 00:00:00,42.28280639648438,42.74459859417237,40.08180574430899,42.44173465726855,2520798000
436,2023-07-03 00:00:00,42.48371505737305,43.19439483074113,41.32724229796355,42.49770864466957,1181290000
437,2023-07-10 00:00:00,45.44837188720703,48.06618309397332,41.63010156340938,42.63764745397654,2383708000
438,2023-07-17 00:00:00,44.28889465332031,47.87426899372765,44.079989844845,46.26799966207918,3008788000
439,2023-07-24 00:00:00,46.72879028320312,47.37349811471989,44.02002068136365,44.7107052641353,1882004000
440,2023-07-31 00:00:00,44.65972518920898,47.10861417844101,43.3673126653622,46.73278535068521,1705897000
441,2023-08-07 00:00:00,40.83646392822266,45.51933975071005,40.62056232238889,45.09053353076295,2288236000
442,2023-08-14 00:00:00,43.27935409545898,45.24746248686974,40.29271085268915,40.46763068881806,2930412000
443,2023-08-21 00:00:00,45.99711990356445,50.24318956783998,44.20193344331732,44.47380937691912,4308297000
444,2023-08-28 00:00:00,48.48699569702148,49.90435177498328,44.86763976139488,46.46091469593937,3114195000
445,2023-09-04 00:00:00,45.55132293701172,48.82883842225309,45.13151531794933,48.20112117517422,1757722000
446,2023-09-11 00:00:00,43.88369750976562,46.14585372929612,43.79172881004724,46.13085991026914,2098505000
447,2023-09-18 00:00:00,41.59454727172852,44.22556975536168,40.96478017668936,42.73212512346469,2170415000
448,2023-09-25 00:00:00,43.48284530639648,44.12760621522921,41.16170527194255,41.57555297936316,2088801000
449,2023-10-02 00:00:00,45.7450065612793,45.77199696146995,43.22993826546875,44.01364751067693,2093888000
450,2023-10-09 00:00:00,45.44411468505859,47.59131955863016,44.35152211129483,44.82534509529818,2111834000
451,2023-10-16 00:00:00,41.37163162231445,46.20783242728989,41.06274445020242,45.04626519664144,2793225000
452,2023-10-23 00:00:00,40.48496246337891,43.68077402294148,39.86519373536187,41.21369187923847,2236157000
453,2023-10-30 00:00:00,44.98828887939453,45.29217303271508,39.21543184664022,41.07174452441753,2177372000
454,2023-11-06 00:00:00,48.31705093383789,48.45400109907997,44.88232599403702,45.26818424765723,2052358000
455,2023-11-13 00:00:00,49.27969741821289,49.94145038606013,48.08114126036345,48.30205988061171,1941548000
456,2023-11-20 00:00:00,47.75826263427734,50.52923280150345,47.67229221549984,49.29369164434679,2173932000
457,2023-11-27 00:00:00,46.74763107299805,48.74389104325186,46.16984662435623,47.78224652598446,2074722000
458,2023-12-04 00:00:00,47.48835754394531,47.72327087879876,44.99328232229371,46.05988739769769,1899898000
459,2023-12-11 00:00:00,48.87614059448242,49.38999483044137,45.81701045008181,47.47753890650579,2201087000
460,2023-12-18 00:00:00,48.816162109375,50.41870460359734,48.08436731998972,49.38600025112041,1827857000
461,2023-12-25 00:00:00,49.50796508789062,49.98283276358659,48.73718367671692,48.9541212342942,1113728000
462,2024-01-01 00:00:00,49.08308029174805,49.53295347185659,47.30658367419233,49.23003797407316,1453724000
463,2024-01-08 00:00:00,54.69448852539062,55.33030980266558,49.46497254691587,49.49796413702711,2899159000
464,2024-01-15 00:00:00,59.47414016723633,59.48313648762257,54.72448724660385,55.00240833370358,1959125000
465,2024-01-22 00:00:00,61.01370239257812,62.83118797496155,58.56839642930121,60.03198224174226,2180966000
466,2024-01-29 00:00:00,66.14125061035156,66.58112070584232,60.68279534889776,61.21464223482953,2058987000
467,2024-02-05 00:00:00,72.11256408691406,72.16454367786442,66.28121670555514,68.20566667348737,2709823000
468,2024-02-12 00:00:00,72.59241485595703,74.58984956747074,69.60026708536797,72.57941805301364,2636656000
469,2024-02-19 00:00:00,78.79466247558594,82.37064450794962,66.22922462562867,71.92660687335498,3089619000
470,2024-02-26 00:00:00,82.25567626953125,82.27667403889559,77.10313790947411,79.6774049411343,2275212000
471,2024-03-04 00:00:00,87.5031967163086,97.37240089541653,83.3933616059073,84.10615699747737,3469163000
472,2024-03-11 00:00:00,87.81622314453125,91.93824908809839,84.14609377398577,86.40855902680698,3226556000
473,2024-03-18 00:00:00,94.2667007446289,94.755583502478,84.98989603431347,90.36662241153472,2887301000
474,2024-03-25 00:00:00,90.33462524414062,96.74310471909709,89.10191525426158,93.91877614428562,2087063000
475,2024-04-01 00:00:00,87.9871826171875,92.20318021484012,85.85968007176304,90.27764098675078,2090215000
476,2024-04-08 00:00:00,88.1651382446289,90.71753578322947,83.00236585629955,88.67901660642595,2077138000
477,2024-04-15 00:00:00,76.18197631835938,90.59156978415734,75.58812265213056,89.0769286785557,2631388000
478,2024-04-22 00:00:00,87.71424865722656,88.31010835661911,76.38193063923863,78.08552234446434,2522760000
479,2024-04-29 00:00:00,88.76799774169922,89.25987812120627,81.23577575708099,87.57427994752592,2088782000
480,2024-05-06 00:00:00,89.85673522949219,92.19818403268978,88.21012932733765,89.36885171672085,1852604000
481,2024-05-13 00:00:00,92.45712280273438,95.79633677993223,88.50806012237467,90.45659663583913,1687565000
482,2024-05-20 00:00:00,106.4438171386719,106.4498124242875,93.15795911085962,93.72782397552724,2460917000
483,2024-05-27 00:00:00,109.6070709228516,115.7916047121147,106.9147071249594,110.2179264594848,2310783000
484,2024-06-03 00:00:00,120.8594055175781,125.5572915094849,111.9765050487982,113.5941261697363,2447200000
485,2024-06-10 00:00:00,131.8488159179688,132.8085803398452,116.9823298530346,120.3415358399631,1406333800
486,2024-06-17 00:00:00,126.5504531860352,140.7382566030956,124.2808071039978,132.9694675274732,1756092600
487,2024-06-24 00:00:00,123.5209197998047,128.1002066079184,118.0217692909468,123.2209630843987,1832912700
488,2024-07-01 00:00:00,125.8105697631836,128.8301076530081,118.8116507810102,123.450933610365,933185200
489,2024-07-08 00:00:00,129.2200469970703,136.1289682929108,127.0203821654944,127.4703096208401,1399485700
490,2024-07-15 00:00:00,117.9117889404297,131.3697094617532,116.5419977568058,130.5398358039034,1351385200
491,2024-07-22 00:00:00,113.0425338745117,124.6707423418322,106.2835835425476,120.3314087483294,1513222900
492,2024-07-29 00:00:00,107.2534255981445,120.1414413718063,101.3543431313885,113.6724396354346,2213649400
493,2024-08-05 00:00:00,104.7338256835938,108.7832033794489,90.67599911162705,92.04578268958305,2056049100
494,2024-08-12 00:00:00,124.5607604980469,124.9806937984378,106.2435903200765,106.3035786120706,1598129600
495,2024-08-19 00:00:00,129.3500213623047,130.7298131827356,123.0809927595938,124.2608108815915,1575724000
496,2024-08-26 00:00:00,119.3515701293945,131.2397258867881,116.6919772139392,129.5499996649322,1869975300
497,2024-09-02 00:00:00,102.8141174316406,116.1920478444795,100.9344029577353,115.9920817902503,1570114200
498,2024-09-09 00:00:00,119.0816040039062,120.7713454318787,103.6739879772088,104.8637989997628,1589076900
499,2024-09-16 00:00:00,115.9920043945312,119.6517557812501,113.212197233971,116.7819508571651,1466985900
500,2024-09-23 00:00:00,121.3916397094727,127.6612044863106,114.8520892575884,116.5419752946292,1419480300
501,2024-09-30 00:00:00,124.9113922119141,125.0313866912971,115.1320671938283,118.3018469760587,1271290200
502,2024-10-07 00:00:00,134.7907104492188,135.7706386195577,124.9413833678816,124.981381525897,1290685100
503,2024-10-14 00:00:00,137.9904937744141,140.8802940844528,128.7311371487137,136.4606003901428,1357584500
504,2024-10-21 00:00:00,141.5302429199219,144.4100494057891,137.4505374085938,138.1204894228986,1154273100
505,2024-10-28 00:00:00,135.3906707763672,143.1301433226762,132.1009040264528,142.9901535728445,987765800
506,2024-11-04 00:00:00,147.6198272705078,149.7596791286017,135.5606611281268,137.2005474562199,973098600
507,2024-11-11 00:00:00,141.97021484375,149.6396846329023,140.0703518362645,148.6697502347763,1017459800
508,2024-11-18 00:00:00,141.9402160644531,152.8794646989215,137.1405437507935,139.490387930131,1396925400
509,2024-11-25 00:00:00,138.240478515625,142.0402198554864,131.7909257883243,141.9802264290143,903463700
510,2024-12-02 00:00:00,142.4301910400391,146.5298994735392,137.8105141524615,138.8204390899256,928447900
511,2024-12-09 00:00:00,134.25,141.8200073242188,132.5399932861328,138.9700012207031,974961000
512,2024-12-16 00:00:00,134.6999969482422,136.6999969482422,126.8600006103516,134.1799926757812,1291053700
513,2024-12-23 00:00:00,137.0099945068359,141.8999938964844,134.7100067138672,136.2799987792969,567998700
514,2024-12-30 00:00:00,144.4700012207031,144.8999938964844,133.8300018310547,134.8300018310547,750963600
515,2025-01-06 00:00:00,135.9100036621094,153.1300048828125,134.2200012207031,148.5899963378906,1052112000
516,2025-01-13 00:00:00,137.7100067138672,138.75,129.5099945068359,129.9900054931641,996041100
517,2025-01-20 00:00:00,142.6199951171875,148.9700012207031,137.0899963378906,139.1600036621094,825973500
518,2025-01-27 00:00:00,120.0699996948242,129,116.25,124.8000030517578,2648916300
519,2025-02-03 00:00:00,129.8399963378906,130.3699951171875,113.0100021362305,114.75,1369686400
520,2025-02-10 00:00:00,138.8500061035156,139.25,129.0800018310547,130.0899963378906,949079700
521,2025-02-17 00:00:00,134.4299926757812,143.4400024414062,134.0299987792969,141.2700042724609,758833800
522,2025-02-24 00:00:00,124.9199981689453,138.5899963378906,116.4000015258789,136.5599975585938,1677630500
523,2025-03-03 00:00:00,112.6900024414062,123.6999969482422,107.5599975585938,123.5100021362305,1756122800
